DROP TABLE `Customers`;		
		
CREATE TABLE `Customers` (		
`customer_id` mediumint default NULL,		
`password` TEXT default NULL,		
`first_name` varchar(45) default NULL,		
`last_name` varchar(45) default NULL,		
`billing_address_id` mediumint default NULL,		
`shipping_address_id` mediumint default NULL,		
`phone_number` varchar(45) default NULL		
);	

DROP TABLE `Orders`;

CREATE TABLE `Orders` (
  `order_id` mediumint default NULL,
  `order_date` varchar(255),
  `order_status` TEXT default NULL,
  `order_shipping_address_id` mediumint default NULL,
  `invoice_id` mediumint default NULL
);

INSERT INTO `Orders` (`order_id`,`order_date`,`order_status`,`order_shipping_address_id`,`invoice_id`) VALUES (93879,"Apr 1, 2021","sagittis lobortis mauris.",57304,87140),(64266,"Mar 15, 2021","tempor diam dictum",64810,69207),(63952,"Jul 30, 2020","Phasellus vitae mauris",61168,71963),(97224,"Mar 15, 2021","semper erat, in",86744,46550),(79745,"Apr 12, 2021","sollicitudin adipiscing ligula.",71062,42930),(91671,"Mar 30, 2020","blandit mattis. Cras",99762,62183),(52318,"May 13, 2021","nibh enim, gravida",93264,59566),(63556,"Nov 25, 2020","gravida non, sollicitudin",72157,52190),(62516,"Sep 6, 2020","ligula. Aenean euismod",57565,46532),(85606,"Feb 18, 2020","vehicula et, rutrum",93598,34800);
INSERT INTO `Orders` (`order_id`,`order_date`,`order_status`,`order_shipping_address_id`,`invoice_id`) VALUES (46723,"Apr 7, 2020","eleifend. Cras sed",84431,40458),(64804,"Jul 5, 2020","sagittis augue, eu",57229,56798),(52786,"Mar 12, 2021","ante blandit viverra.",83593,75469),(88563,"Aug 31, 2021","fames ac turpis",47631,36431),(75847,"Dec 20, 2019","vel, vulputate eu,",48326,72587),(35110,"Nov 1, 2020","vel arcu eu",63411,92285),(66623,"Aug 2, 2020","tempor bibendum. Donec",95672,62667),(42843,"Jul 12, 2021","facilisi. Sed neque.",35374,43078),(76378,"Jan 21, 2020","tristique pharetra. Quisque",99366,91328),(63502,"Jan 27, 2020","Integer in magna.",51991,82910);
INSERT INTO `Orders` (`order_id`,`order_date`,`order_status`,`order_shipping_address_id`,`invoice_id`) VALUES (68836,"Aug 3, 2021","fringilla cursus purus.",71525,84549),(84670,"Mar 17, 2020","Nam ligula elit,",40069,92603),(84791,"Jul 22, 2021","molestie dapibus ligula.",91974,88253),(52591,"Jun 26, 2021","posuere cubilia Curae;",49567,85729),(65835,"Apr 22, 2021","sem molestie sodales.",65569,39414),(83095,"Apr 16, 2021","at lacus. Quisque",51408,51677),(36421,"Nov 19, 2020","Mauris molestie pharetra",91719,79505),(39631,"Mar 10, 2020","sit amet metus.",95073,91190),(96838,"Jun 7, 2021","posuere, enim nisl",48362,69860),(69614,"Oct 10, 2021","Pellentesque tincidunt tempus",41049,50704);
INSERT INTO `Orders` (`order_id`,`order_date`,`order_status`,`order_shipping_address_id`,`invoice_id`) VALUES (58195,"Oct 15, 2020","ut mi. Duis",45068,94184),(66674,"Jul 4, 2020","orci, in consequat",44922,50583),(59500,"Feb 24, 2020","ultrices. Duis volutpat",71089,69158),(86749,"Aug 13, 2020","Proin non massa",46386,78724),(62485,"Jul 15, 2021","nec tempus scelerisque,",61279,37184),(60340,"Mar 26, 2020","sagittis semper. Nam",60472,98423),(81739,"Jan 7, 2020","sociis natoque penatibus",64263,87618),(63088,"May 9, 2021","fermentum metus. Aenean",80084,68565),(94684,"Jun 18, 2021","pede. Cras vulputate",93620,60503),(66011,"Mar 14, 2021","ante lectus convallis",91062,58402);
INSERT INTO `Orders` (`order_id`,`order_date`,`order_status`,`order_shipping_address_id`,`invoice_id`) VALUES (56664,"Sep 18, 2021","Vivamus nisi. Mauris",63662,85044),(41968,"Jan 10, 2021","nonummy ac, feugiat",94998,63778),(88924,"Nov 30, 2019","sit amet, faucibus",68993,67346),(94220,"Oct 3, 2020","odio sagittis semper.",89876,46326),(88230,"Jun 30, 2020","ut quam vel",47050,40725),(55366,"Mar 1, 2020","sagittis lobortis mauris.",62467,89961),(91782,"Aug 9, 2021","Nullam enim. Sed",53404,86725),(61218,"Mar 5, 2021","senectus et netus",53038,45003),(36460,"Jun 3, 2020","placerat eget, venenatis",61187,36426),(93563,"Mar 26, 2021","augue id ante",88707,72292);
INSERT INTO `Orders` (`order_id`,`order_date`,`order_status`,`order_shipping_address_id`,`invoice_id`) VALUES (42232,"Mar 24, 2021","pharetra ut, pharetra",96422,39990),(58487,"Feb 20, 2020","Fusce dolor quam,",75850,38270),(80402,"Jul 26, 2020","condimentum eget, volutpat",73047,55263),(98094,"Jan 10, 2020","Integer id magna",41509,89949),(72946,"Aug 5, 2020","dolor. Fusce mi",60641,34801),(39108,"Jan 25, 2020","rutrum urna, nec",75928,78853),(72599,"Jun 7, 2020","imperdiet, erat nonummy",82021,49733),(68661,"Jul 22, 2020","nulla. Integer vulputate,",66040,50275),(95886,"Sep 5, 2020","quis, tristique ac,",46895,97514),(86445,"Jan 11, 2020","luctus sit amet,",37507,59511);
INSERT INTO `Orders` (`order_id`,`order_date`,`order_status`,`order_shipping_address_id`,`invoice_id`) VALUES (93165,"Feb 28, 2020","non, lacinia at,",99629,52694),(75929,"Jun 17, 2020","felis. Donec tempor,",78456,78414),(80831,"Jun 19, 2021","ultrices a, auctor",86200,34775),(78864,"Jun 22, 2020","enim non nisi.",97379,56463),(57932,"Dec 23, 2020","non, sollicitudin a,",46451,88724),(37669,"Sep 20, 2021","nulla magna, malesuada",44737,50046),(74011,"Jul 31, 2021","nisi dictum augue",56864,56080),(81769,"Nov 30, 2020","sit amet orci.",56222,97646),(94911,"Sep 16, 2020","posuere vulputate, lacus.",98020,77742),(55228,"Oct 14, 2020","a sollicitudin orci",51053,90975);
INSERT INTO `Orders` (`order_id`,`order_date`,`order_status`,`order_shipping_address_id`,`invoice_id`) VALUES (65426,"Feb 14, 2020","a mi fringilla",67208,70348),(35422,"Feb 24, 2021","erat, eget tincidunt",84880,61274),(57412,"Oct 1, 2020","magnis dis parturient",98139,99068),(79754,"Jun 13, 2021","Suspendisse aliquet, sem",68469,77564),(40549,"Jul 29, 2021","amet, consectetuer adipiscing",89520,74307),(91879,"Nov 22, 2019","semper, dui lectus",78514,92571),(49590,"Jan 6, 2020","adipiscing lacus. Ut",64046,82104),(90013,"Nov 9, 2021","commodo tincidunt nibh.",62375,90456),(96376,"Aug 10, 2020","sem elit, pharetra",46943,54352),(76410,"Jun 6, 2021","dui augue eu",76692,73915);
INSERT INTO `Orders` (`order_id`,`order_date`,`order_status`,`order_shipping_address_id`,`invoice_id`) VALUES (56193,"Jan 8, 2021","nisl elementum purus,",55895,89607),(98749,"Sep 9, 2020","rutrum eu, ultrices",42870,77407),(43385,"Nov 9, 2021","non, dapibus rutrum,",46237,42812),(34443,"Feb 10, 2021","mi felis, adipiscing",35837,33432),(66451,"Nov 13, 2020","neque sed sem",41279,69347),(58307,"May 17, 2020","nunc, ullamcorper eu,",38877,76557),(34654,"Oct 6, 2020","gravida. Aliquam tincidunt,",47803,97318),(95174,"Jul 28, 2021","sem molestie sodales.",97884,64432),(76890,"Jul 13, 2020","ac turpis egestas.",64071,87319),(49242,"Jun 13, 2020","dictum. Proin eget",82558,96613);
INSERT INTO `Orders` (`order_id`,`order_date`,`order_status`,`order_shipping_address_id`,`invoice_id`) VALUES (68471,"Aug 17, 2021","facilisis facilisis, magna",81546,40901),(54753,"Sep 22, 2020","ligula. Aliquam erat",57059,70089),(88352,"Jul 11, 2021","aptent taciti sociosqu",82653,81131),(36091,"Aug 24, 2021","convallis convallis dolor.",59110,40808),(65218,"May 23, 2020","Donec tempus, lorem",85038,78557),(56141,"Mar 24, 2020","erat nonummy ultricies",41147,70173),(38274,"Mar 5, 2020","lorem fringilla ornare",50261,55133),(87854,"Nov 27, 2020","enim, gravida sit",96224,87551),(88361,"Jul 8, 2021","euismod est arcu",49655,97341),(42712,"Jul 29, 2021","nec, imperdiet nec,",84075,56811);

DROP TABLE `Shipments`;

CREATE TABLE `Shipments` (
  `shipment_id` mediumint(8) unsigned NOT NULL auto_increment,
  `order_id` mediumint,
  `shipping_company` TEXT default NULL,
  `tracking_id` varchar(255),
  `shipment_date` varchar(255),
  `delivery_date` varchar(255),
  PRIMARY KEY (`shipment_id`)
) AUTO_INCREMENT=1;

INSERT INTO `Shipments` (`shipment_id`,`order_id`,`shipping_company`,`tracking_id`,`shipment_date`,`delivery_date`) VALUES (1,1,"sed dictum eleifend,","VMF36YMM7WY","Sep 14, 2020","Jun 14, 2021"),(2,2,"consectetuer adipiscing elit.","QNS94EJL4SC","Jan 19, 2020","Dec 28, 2020"),(3,3,"eget metus. In","ISI42TKW8OJ","Aug 22, 2020","Aug 4, 2020"),(4,4,"ridiculus","SKV88FMU2LV","Oct 16, 2020","Nov 30, 2020"),(5,5,"orci quis","MKL69MEL7LP","Mar 23, 2021","Jan 15, 2020"),(6,6,"arcu. Sed","BYK59VNS7WT","Apr 1, 2021","Oct 26, 2020"),(7,7,"mauris erat eget","QEH05RNY7XP","May 28, 2020","Dec 7, 2020"),(8,8,"augue, eu","KHW69FDQ9WP","Feb 17, 2021","Jul 30, 2021"),(9,9,"Phasellus libero mauris,","ADT02CTF0CA","Dec 31, 2020","Dec 3, 2020"),(10,10,"amet, consectetuer","KUF63JJO1YE","Jul 29, 2021","Oct 25, 2021");
INSERT INTO `Shipments` (`shipment_id`,`order_id`,`shipping_company`,`tracking_id`,`shipment_date`,`delivery_date`) VALUES (11,11,"mauris.","FFJ52EZX9CK","Jun 5, 2020","May 14, 2021"),(12,12,"egestas","GMA12QSA2FC","Mar 29, 2021","Feb 12, 2021"),(13,13,"natoque penatibus et","ABU53SLL4KN","Apr 6, 2021","Jan 1, 2020"),(14,14,"erat","WMI75MBW5LB","Dec 27, 2020","Jul 22, 2020"),(15,15,"elit elit","TKP53TTC2FC","Feb 3, 2020","Sep 1, 2021"),(16,16,"sem magna","QJG30PJP1HB","Feb 17, 2020","Mar 1, 2021"),(17,17,"Donec","XAF66XVZ9DY","Sep 4, 2020","Sep 15, 2020"),(18,18,"in,","DVD62BSR3VB","May 7, 2021","Feb 24, 2020"),(19,19,"in magna. Phasellus","MWB26QZG6ZN","Jan 18, 2021","Feb 9, 2021"),(20,20,"tortor. Integer aliquam","CLN98GES9UN","Sep 19, 2020","Dec 17, 2019");
INSERT INTO `Shipments` (`shipment_id`,`order_id`,`shipping_company`,`tracking_id`,`shipment_date`,`delivery_date`) VALUES (21,21,"augue scelerisque mollis.","JAD34WPU5PP","Jul 26, 2020","Nov 13, 2020"),(22,22,"amet orci.","JPU93TDC5ZH","May 31, 2021","Apr 25, 2020"),(23,23,"a purus. Duis","TRP30KPU0QH","Jun 16, 2020","Nov 17, 2020"),(24,24,"pede nec ante","AQV03MVR6QA","Feb 21, 2021","Apr 13, 2021"),(25,25,"eu dolor egestas","VBT18KSM4DG","Nov 16, 2021","Apr 22, 2021"),(26,26,"dolor elit,","NOD59JAN8NZ","Feb 27, 2021","Mar 11, 2020"),(27,27,"nunc est,","DLA80AAP0GE","Jan 5, 2020","May 21, 2021"),(28,28,"Donec est. Nunc","AEW47MPF9UR","Mar 9, 2020","Oct 30, 2021"),(29,29,"ultricies","UAP60EUK5YB","Mar 9, 2020","Nov 13, 2020"),(30,30,"at,","XTN63RJM3BE","May 20, 2021","Oct 18, 2020");
INSERT INTO `Shipments` (`shipment_id`,`order_id`,`shipping_company`,`tracking_id`,`shipment_date`,`delivery_date`) VALUES (31,31,"aliquam iaculis, lacus","LSN99UFH6VG","Sep 11, 2021","May 26, 2020"),(32,32,"est.","JNP51GCB1UY","May 13, 2020","Sep 21, 2021"),(33,33,"odio. Nam","OSQ17IGC5RH","Jul 14, 2021","Apr 8, 2020"),(34,34,"vitae sodales nisi","RZA81NSW9GV","Aug 14, 2020","Jun 26, 2021"),(35,35,"amet","CFW57MNL1ER","Dec 7, 2020","Nov 20, 2020"),(36,36,"ipsum","ADH77UXP2XT","Sep 24, 2020","Dec 13, 2020"),(37,37,"ligula. Aenean gravida","HQU52ZZQ6PJ","Oct 12, 2020","Oct 8, 2021"),(38,38,"vitae nibh.","MAO49JII3LD","May 22, 2020","Sep 17, 2021"),(39,39,"vel","WFL26OVI7ZF","Mar 19, 2021","Feb 19, 2020"),(40,40,"pretium","OUE63RRQ1FT","May 1, 2021","Jan 13, 2021");
INSERT INTO `Shipments` (`shipment_id`,`order_id`,`shipping_company`,`tracking_id`,`shipment_date`,`delivery_date`) VALUES (41,41,"Ut sagittis lobortis","GAO12CMF6UF","Sep 24, 2021","Nov 17, 2020"),(42,42,"pellentesque eget, dictum","USE22NHQ1FF","Oct 27, 2021","Oct 21, 2020"),(43,43,"convallis dolor.","CPB95UBC4LU","Aug 9, 2021","Jan 26, 2021"),(44,44,"Morbi neque tellus,","QQP37VBY1KF","Nov 15, 2021","Jul 16, 2021"),(45,45,"pellentesque. Sed","PDX65BWN9SU","Mar 15, 2020","Apr 24, 2021"),(46,46,"montes, nascetur ridiculus","WPM87XKV2WO","Oct 12, 2020","Nov 30, 2020"),(47,47,"non,","JLU94WTP0MH","Dec 17, 2019","Mar 1, 2020"),(48,48,"ut lacus. Nulla","ELP55ZRZ7HF","Jul 22, 2021","Dec 16, 2020"),(49,49,"elementum, dui","IUE53LTP5LO","Feb 1, 2020","Mar 25, 2021"),(50,50,"Mauris ut","BVJ68BJP5YP","Oct 26, 2021","Apr 21, 2020");
INSERT INTO `Shipments` (`shipment_id`,`order_id`,`shipping_company`,`tracking_id`,`shipment_date`,`delivery_date`) VALUES (51,51,"Sed","BBB46PDZ0QH","Jan 15, 2021","Apr 21, 2021"),(52,52,"turpis. Nulla aliquet.","THK68EMU8JI","Feb 7, 2021","Oct 18, 2020"),(53,53,"nec ante.","FYI68RFH7DE","Jan 12, 2021","Jun 25, 2020"),(54,54,"accumsan convallis,","GLK63SVX6JJ","May 28, 2021","Apr 14, 2020"),(55,55,"Duis volutpat","JVT00OZS9DN","Sep 11, 2021","Jan 24, 2021"),(56,56,"lectus rutrum","VTE43PBQ3OV","Dec 26, 2019","Feb 2, 2021"),(57,57,"Phasellus at augue","IDK29MSK7DI","Apr 11, 2021","Jun 5, 2020"),(58,58,"massa rutrum","TKK22PSX1IK","Jan 27, 2020","Dec 16, 2019"),(59,59,"dolor. Fusce","LQP87JOU5EM","Sep 10, 2020","Sep 22, 2021"),(60,60,"orci","OBS55PSN0OO","Apr 23, 2020","Dec 19, 2020");
INSERT INTO `Shipments` (`shipment_id`,`order_id`,`shipping_company`,`tracking_id`,`shipment_date`,`delivery_date`) VALUES (61,61,"Donec tempor, est","WJI83VCF4RA","Nov 2, 2021","Mar 23, 2020"),(62,62,"pharetra","RAF81QZN6XP","Dec 7, 2019","Apr 8, 2021"),(63,63,"pharetra.","EHK87PUV9GU","Jan 19, 2020","Feb 26, 2020"),(64,64,"mus. Proin vel","LTB27EDS5QV","Feb 20, 2021","Dec 4, 2019"),(65,65,"nec,","RMV27ZIH3DM","Jun 1, 2020","Jan 18, 2020"),(66,66,"bibendum","NSI75EED1NR","May 12, 2020","Oct 19, 2020"),(67,67,"nibh lacinia","EBL95MRL6RR","Nov 23, 2019","Jun 8, 2020"),(68,68,"laoreet, libero","EBC24NKK9WP","Feb 7, 2021","Jul 12, 2021"),(69,69,"nulla. Integer","DJS65OGN1LT","Jun 9, 2021","Apr 30, 2020"),(70,70,"Duis mi enim,","IOR59HBC1UP","Jun 14, 2021","Sep 19, 2021");
INSERT INTO `Shipments` (`shipment_id`,`order_id`,`shipping_company`,`tracking_id`,`shipment_date`,`delivery_date`) VALUES (71,71,"erat volutpat.","ZFD20UJA9OQ","Nov 30, 2019","May 25, 2021"),(72,72,"non lorem","ETV64ACP6QW","Aug 23, 2020","Apr 4, 2021"),(73,73,"orci. Ut","ECT31XWG9TY","Apr 21, 2021","Feb 15, 2021"),(74,74,"egestas,","IJQ29HDN5UM","May 5, 2021","Aug 24, 2020"),(75,75,"Curabitur","JXQ62MHI9WM","Feb 12, 2020","Apr 2, 2020"),(76,76,"Etiam vestibulum massa","BQI27YNH1TG","Jan 28, 2020","Oct 21, 2021"),(77,77,"ac, feugiat non,","UAI35ZTE4WP","Feb 1, 2020","Jun 19, 2021"),(78,78,"turpis","RYT85UQU4UE","Sep 24, 2020","Aug 22, 2021"),(79,79,"pede. Nunc","SWI13EJP5UM","Jan 12, 2021","Jul 15, 2021"),(80,80,"sit amet","GSL38GBY0CL","Jan 14, 2021","Mar 8, 2020");
INSERT INTO `Shipments` (`shipment_id`,`order_id`,`shipping_company`,`tracking_id`,`shipment_date`,`delivery_date`) VALUES (81,81,"tellus id","ZZF75SZT3VE","Oct 3, 2020","Apr 4, 2021"),(82,82,"eget massa.","QGP45ZHU6TA","Jul 11, 2020","Nov 26, 2019"),(83,83,"elit","HOW95LUD9RY","Aug 28, 2020","Mar 15, 2021"),(84,84,"est. Mauris","MON53IOX1KD","Nov 16, 2021","Mar 8, 2020"),(85,85,"sem egestas","CWY86IGT5KE","Aug 28, 2020","Mar 6, 2021"),(86,86,"mollis. Phasellus libero","OCV50SRL4OM","Apr 4, 2021","Sep 27, 2020"),(87,87,"ullamcorper, velit in","WNI93RHP0XF","Jun 14, 2020","Jan 23, 2020"),(88,88,"ipsum non","QHI29PTP8IH","Mar 29, 2020","Mar 21, 2020"),(89,89,"magna. Nam","JYL43JTY4IC","Aug 13, 2020","Dec 2, 2020"),(90,90,"nisl sem, consequat","MTB53IRA3CO","Dec 8, 2020","Sep 13, 2021");
INSERT INTO `Shipments` (`shipment_id`,`order_id`,`shipping_company`,`tracking_id`,`shipment_date`,`delivery_date`) VALUES (91,91,"orci lacus vestibulum","WSH93NAA4CX","Feb 18, 2020","May 29, 2021"),(92,92,"arcu.","IWY96GNF6LP","Jun 7, 2021","Jun 8, 2021"),(93,93,"Ut nec urna","HIU81EXC8NI","Jul 5, 2020","Oct 26, 2020"),(94,94,"mauris. Suspendisse","ARI62XBK1CB","Oct 13, 2021","Nov 2, 2021"),(95,95,"lectus","ELT03KFM6OF","Jun 17, 2021","Jul 3, 2021"),(96,96,"metus. In lorem.","EUX56MLZ4AF","Jan 17, 2020","Nov 6, 2020"),(97,97,"eu, placerat","FCP32FVF6AB","Jan 1, 2021","Apr 20, 2020"),(98,98,"vel","OGJ09DVZ8TK","Aug 10, 2020","Mar 23, 2020"),(99,99,"mi","YNQ53VRC8WG","Oct 14, 2021","Apr 6, 2021"),(100,100,"ut","LOR11ZSS2SY","Nov 21, 2020","Nov 13, 2021");

DROP TABLE `Product`;

CREATE TABLE `Product` (
  `product_id` mediumint(8) unsigned NOT NULL auto_increment,
  `product_name` TEXT default NULL,
  `product_price` varchar(100) default NULL,
  `product_description` TEXT default NULL,
  PRIMARY KEY (`product_id`)
) AUTO_INCREMENT=1;

INSERT INTO `Product` (`product_id`,`product_name`,`product_price`,`product_description`) VALUES (1,"nunc sed","$315.41","vehicula. Pellentesque"),(2,"sit amet","$901.06","condimentum. Donec at arcu. Vestibulum ante ipsum primis"),(3,"ac metus vitae","$311.41","Duis elementum, dui quis accumsan convallis, ante lectus convallis"),(4,"accumsan","$18.50","leo, in lobortis tellus justo sit amet"),(5,"justo. Praesent luctus.","$151.64","dolor sit"),(6,"justo","$744.63","Duis dignissim tempor arcu. Vestibulum ut"),(7,"dignissim magna a tortor.","$786.55","eu elit."),(8,"orci lobortis augue scelerisque","$818.47","nunc est, mollis non, cursus"),(9,"ultrices.","$417.46","egestas. Aliquam nec enim. Nunc ut erat. Sed"),(10,"sagittis lobortis","$262.26","quam");
INSERT INTO `Product` (`product_id`,`product_name`,`product_price`,`product_description`) VALUES (11,"Cras sed leo. Cras","$746.34","orci."),(12,"odio a purus. Duis elementum,","$26.44","diam vel arcu. Curabitur ut"),(13,"eleifend non,","$127.47","enim."),(14,"natoque penatibus et magnis dis","$172.96","Nunc"),(15,"egestas. Aliquam nec enim. Nunc","$292.63","ante ipsum primis in faucibus orci luctus et"),(16,"lobortis mauris. Suspendisse aliquet","$401.50","tristique pellentesque, tellus sem mollis dui,"),(17,"magna. Ut","$945.02","ligula."),(18,"eget,","$42.25","Suspendisse eleifend. Cras sed leo. Cras"),(19,"id enim.","$261.89","lacus. Etiam bibendum fermentum"),(20,"aptent taciti sociosqu ad","$452.65","a feugiat tellus lorem eu metus. In lorem. Donec");
INSERT INTO `Product` (`product_id`,`product_name`,`product_price`,`product_description`) VALUES (21,"volutpat.","$450.44","eget ipsum. Suspendisse sagittis. Nullam vitae diam. Proin dolor."),(22,"et magnis dis parturient","$217.62","dolor egestas rhoncus. Proin nisl sem, consequat nec,"),(23,"porttitor scelerisque neque.","$328.82","at, libero. Morbi accumsan laoreet ipsum. Curabitur consequat,"),(24,"Cras dictum ultricies ligula. Nullam","$241.35","mus."),(25,"non, luctus","$231.20","netus et malesuada fames ac turpis egestas. Fusce aliquet magna"),(26,"diam vel arcu.","$797.34","magnis dis parturient montes, nascetur ridiculus mus. Aenean eget magna."),(27,"augue scelerisque mollis. Phasellus libero","$156.80","Donec"),(28,"Proin sed turpis nec mauris","$574.43","arcu. Aliquam ultrices iaculis odio. Nam interdum enim non"),(29,"Aliquam tincidunt,","$605.24","molestie sodales. Mauris"),(30,"auctor","$801.13","ultricies sem magna nec quam. Curabitur vel");
INSERT INTO `Product` (`product_id`,`product_name`,`product_price`,`product_description`) VALUES (31,"non, sollicitudin a, malesuada","$294.00","Nam porttitor scelerisque neque. Nullam nisl. Maecenas malesuada fringilla est."),(32,"blandit mattis. Cras eget","$633.38","Cras vulputate velit eu sem. Pellentesque ut"),(33,"vulputate velit eu sem.","$330.07","diam. Proin"),(34,"imperdiet","$270.16","adipiscing, enim mi tempor lorem,"),(35,"sit amet diam","$594.46","Cras eget nisi dictum augue malesuada"),(36,"Duis risus","$349.95","eros turpis non enim. Mauris"),(37,"eu odio tristique","$404.56","penatibus et magnis dis"),(38,"Maecenas","$883.82","magna et ipsum cursus vestibulum. Mauris magna. Duis dignissim tempor"),(39,"vulputate, risus a","$286.38","purus."),(40,"eu, ligula.","$879.58","magna tellus faucibus leo,");
INSERT INTO `Product` (`product_id`,`product_name`,`product_price`,`product_description`) VALUES (41,"ligula.","$486.23","velit justo nec ante. Maecenas mi"),(42,"sed orci lobortis augue","$2.32","sit amet luctus vulputate, nisi sem semper erat,"),(43,"dui lectus rutrum","$781.95","tincidunt vehicula risus. Nulla eget metus eu erat semper"),(44,"quam a felis","$323.08","est tempor bibendum. Donec"),(45,"ut dolor dapibus","$332.19","eget"),(46,"mi lorem, vehicula","$400.98","tristique pellentesque, tellus sem mollis dui, in"),(47,"auctor, velit eget laoreet posuere,","$53.06","et netus et malesuada"),(48,"lacus. Nulla tincidunt, neque","$687.93","Sed eu nibh"),(49,"lectus. Cum sociis","$764.25","ut lacus. Nulla tincidunt, neque vitae semper egestas, urna"),(50,"ultrices. Duis volutpat nunc sit","$703.32","et netus et malesuada fames ac turpis egestas.");
INSERT INTO `Product` (`product_id`,`product_name`,`product_price`,`product_description`) VALUES (51,"facilisis eget, ipsum.","$23.01","ipsum cursus vestibulum. Mauris magna. Duis dignissim tempor arcu. Vestibulum"),(52,"rhoncus. Proin nisl sem,","$434.24","ridiculus mus. Proin vel arcu eu"),(53,"egestas a, dui.","$179.80","pede. Suspendisse dui. Fusce"),(54,"dictum eu,","$514.82","Duis at lacus. Quisque purus sapien, gravida non, sollicitudin a,"),(55,"et ipsum cursus","$179.47","mi eleifend egestas. Sed"),(56,"Nunc lectus pede, ultrices","$871.47","sit amet risus. Donec egestas. Aliquam nec"),(57,"nec","$783.59","scelerisque, lorem ipsum sodales purus, in molestie tortor nibh"),(58,"interdum. Nunc sollicitudin","$236.46","ligula. Donec luctus aliquet odio. Etiam"),(59,"ante ipsum","$537.41","facilisis facilisis, magna tellus faucibus"),(60,"ultrices","$468.31","ultricies ornare, elit elit fermentum risus,");
INSERT INTO `Product` (`product_id`,`product_name`,`product_price`,`product_description`) VALUES (61,"consectetuer euismod est","$828.41","convallis erat, eget tincidunt dui augue eu"),(62,"tempus, lorem fringilla ornare","$603.76","luctus, ipsum leo elementum sem, vitae aliquam eros turpis"),(63,"risus. Donec nibh enim,","$509.24","ipsum non arcu."),(64,"malesuada fames","$430.88","semper egestas, urna justo faucibus lectus, a"),(65,"nunc sit amet","$926.28","Duis gravida. Praesent"),(66,"Suspendisse aliquet, sem","$518.28","Cras interdum. Nunc sollicitudin commodo ipsum. Suspendisse non leo."),(67,"mi lorem, vehicula et, rutrum","$620.88","aliquam eros turpis non enim. Mauris quis turpis vitae purus"),(68,"luctus","$374.20","orci luctus et ultrices posuere cubilia"),(69,"arcu","$582.76","Aenean euismod mauris eu elit. Nulla facilisi. Sed"),(70,"leo. Vivamus","$953.26","ut odio vel est tempor bibendum.");
INSERT INTO `Product` (`product_id`,`product_name`,`product_price`,`product_description`) VALUES (71,"consequat auctor,","$754.38","consectetuer adipiscing"),(72,"Sed nunc est, mollis non,","$559.27","mauris sagittis placerat."),(73,"Nulla interdum. Curabitur dictum.","$827.80","amet, risus. Donec nibh enim, gravida sit"),(74,"tristique aliquet. Phasellus fermentum","$147.78","amet, consectetuer adipiscing elit. Curabitur sed"),(75,"neque tellus, imperdiet non,","$186.26","massa. Quisque porttitor eros nec tellus. Nunc lectus"),(76,"tempor,","$562.16","at sem molestie sodales. Mauris blandit enim consequat purus. Maecenas"),(77,"volutpat. Nulla dignissim. Maecenas ornare","$265.02","non enim. Mauris quis"),(78,"facilisi.","$396.36","Mauris blandit enim consequat purus. Maecenas libero est,"),(79,"bibendum sed, est. Nunc","$900.44","In scelerisque"),(80,"Aliquam ornare, libero at auctor","$750.82","arcu. Sed eu nibh vulputate");
INSERT INTO `Product` (`product_id`,`product_name`,`product_price`,`product_description`) VALUES (81,"placerat,","$408.20","Aliquam ultrices"),(82,"erat vitae risus. Duis a","$109.75","libero. Proin"),(83,"ligula","$63.78","Praesent eu nulla"),(84,"adipiscing fringilla, porttitor vulputate,","$217.11","est. Nunc laoreet lectus"),(85,"tellus. Nunc lectus pede,","$625.31","nec, imperdiet nec,"),(86,"iaculis quis, pede. Praesent eu","$389.05","Sed pharetra, felis eget varius"),(87,"dui. Cum sociis natoque penatibus","$992.97","fermentum convallis ligula. Donec luctus aliquet"),(88,"ultrices posuere cubilia Curae; Donec","$436.58","purus, accumsan interdum"),(89,"lobortis augue scelerisque","$823.97","neque tellus,"),(90,"non enim commodo hendrerit. Donec","$563.74","ornare");
INSERT INTO `Product` (`product_id`,`product_name`,`product_price`,`product_description`) VALUES (91,"aliquam adipiscing","$619.10","lobortis"),(92,"sed","$913.41","non, feugiat nec, diam. Duis mi"),(93,"est arcu ac","$843.56","ornare. In faucibus. Morbi vehicula. Pellentesque tincidunt tempus risus. Donec"),(94,"est arcu ac orci. Ut","$901.22","condimentum. Donec"),(95,"tincidunt","$280.05","massa"),(96,"morbi tristique senectus et netus","$777.82","nascetur ridiculus mus. Proin vel arcu eu odio"),(97,"neque. In ornare","$863.47","non, bibendum sed, est. Nunc laoreet"),(98,"Sed molestie. Sed id risus","$568.94","ipsum leo elementum sem, vitae aliquam eros turpis non"),(99,"vel","$626.74","accumsan laoreet ipsum. Curabitur consequat, lectus sit"),(100,"tristique aliquet. Phasellus fermentum","$959.85","magna sed dui. Fusce aliquam,");

DROP TABLE `Product_Option`;

CREATE TABLE `Product_Option` (
  `product_option_id` mediumint(8) unsigned NOT NULL auto_increment,
  `product_id` mediumint,
  `option_id` mediumint,
  PRIMARY KEY (`product_option_id`)
) AUTO_INCREMENT=1;

INSERT INTO `Product_Option` (`product_option_id`,`product_id`,`option_id`) VALUES (1,1,1),(2,2,2),(3,3,3),(4,4,4),(5,5,5),(6,6,6),(7,7,7),(8,8,8),(9,9,9),(10,10,10);
INSERT INTO `Product_Option` (`product_option_id`,`product_id`,`option_id`) VALUES (11,11,11),(12,12,12),(13,13,13),(14,14,14),(15,15,15),(16,16,16),(17,17,17),(18,18,18),(19,19,19),(20,20,20);
INSERT INTO `Product_Option` (`product_option_id`,`product_id`,`option_id`) VALUES (21,21,21),(22,22,22),(23,23,23),(24,24,24),(25,25,25),(26,26,26),(27,27,27),(28,28,28),(29,29,29),(30,30,30);
INSERT INTO `Product_Option` (`product_option_id`,`product_id`,`option_id`) VALUES (31,31,31),(32,32,32),(33,33,33),(34,34,34),(35,35,35),(36,36,36),(37,37,37),(38,38,38),(39,39,39),(40,40,40);
INSERT INTO `Product_Option` (`product_option_id`,`product_id`,`option_id`) VALUES (41,41,41),(42,42,42),(43,43,43),(44,44,44),(45,45,45),(46,46,46),(47,47,47),(48,48,48),(49,49,49),(50,50,50);
INSERT INTO `Product_Option` (`product_option_id`,`product_id`,`option_id`) VALUES (51,51,51),(52,52,52),(53,53,53),(54,54,54),(55,55,55),(56,56,56),(57,57,57),(58,58,58),(59,59,59),(60,60,60);
INSERT INTO `Product_Option` (`product_option_id`,`product_id`,`option_id`) VALUES (61,61,61),(62,62,62),(63,63,63),(64,64,64),(65,65,65),(66,66,66),(67,67,67),(68,68,68),(69,69,69),(70,70,70);
INSERT INTO `Product_Option` (`product_option_id`,`product_id`,`option_id`) VALUES (71,71,71),(72,72,72),(73,73,73),(74,74,74),(75,75,75),(76,76,76),(77,77,77),(78,78,78),(79,79,79),(80,80,80);
INSERT INTO `Product_Option` (`product_option_id`,`product_id`,`option_id`) VALUES (81,81,81),(82,82,82),(83,83,83),(84,84,84),(85,85,85),(86,86,86),(87,87,87),(88,88,88),(89,89,89),(90,90,90);
INSERT INTO `Product_Option` (`product_option_id`,`product_id`,`option_id`) VALUES (91,91,91),(92,92,92),(93,93,93),(94,94,94),(95,95,95),(96,96,96),(97,97,97),(98,98,98),(99,99,99),(100,100,100);

DROP TABLE `Option`;

CREATE TABLE `Option` (
  `option_id` mediumint(8) unsigned NOT NULL auto_increment,
  `option_name` TEXT default NULL,
  PRIMARY KEY (`option_id`)
) AUTO_INCREMENT=1;

INSERT INTO `Option` (`option_id`,`option_name`) VALUES (1,"euismod urna. Nullam"),(2,"congue"),(3,"Curabitur dictum. Phasellus"),(4,"Aenean"),(5,"eu"),(6,"netus et"),(7,"ac tellus."),(8,"dolor,"),(9,"eget,"),(10,"montes,");
INSERT INTO `Option` (`option_id`,`option_name`) VALUES (11,"velit. Quisque"),(12,"dapibus"),(13,"Duis dignissim tempor"),(14,"in aliquet lobortis,"),(15,"magna et ipsum"),(16,"est"),(17,"est."),(18,"viverra. Donec tempus,"),(19,"arcu."),(20,"tortor. Integer");
INSERT INTO `Option` (`option_id`,`option_name`) VALUES (21,"molestie"),(22,"feugiat non,"),(23,"lectus,"),(24,"sit amet risus."),(25,"scelerisque"),(26,"nec enim. Nunc"),(27,"ac"),(28,"ornare tortor at"),(29,"mollis"),(30,"tincidunt orci");
INSERT INTO `Option` (`option_id`,`option_name`) VALUES (31,"in, hendrerit"),(32,"et, rutrum"),(33,"ultrices. Vivamus"),(34,"est arcu ac"),(35,"dictum mi, ac"),(36,"tempor"),(37,"Vestibulum"),(38,"justo. Proin non"),(39,"Donec tincidunt. Donec"),(40,"tellus");
INSERT INTO `Option` (`option_id`,`option_name`) VALUES (41,"Morbi quis urna."),(42,"a, scelerisque sed,"),(43,"ornare, elit elit"),(44,"tincidunt. Donec"),(45,"dignissim"),(46,"sociis natoque penatibus"),(47,"iaculis quis,"),(48,"at lacus. Quisque"),(49,"amet massa."),(50,"Donec tempor, est");
INSERT INTO `Option` (`option_id`,`option_name`) VALUES (51,"ac urna."),(52,"id, blandit at,"),(53,"Fusce feugiat. Lorem"),(54,"Curabitur sed"),(55,"vestibulum lorem, sit"),(56,"erat nonummy ultricies"),(57,"in"),(58,"sit amet,"),(59,"eu,"),(60,"fames ac");
INSERT INTO `Option` (`option_id`,`option_name`) VALUES (61,"nisi a odio"),(62,"ut dolor"),(63,"commodo"),(64,"Proin eget"),(65,"orci, in"),(66,"vehicula et, rutrum"),(67,"lacus. Nulla"),(68,"consectetuer euismod"),(69,"senectus"),(70,"auctor");
INSERT INTO `Option` (`option_id`,`option_name`) VALUES (71,"vitae aliquam"),(72,"montes, nascetur"),(73,"congue a, aliquet"),(74,"dolor vitae dolor."),(75,"augue porttitor"),(76,"sociis natoque penatibus"),(77,"lectus"),(78,"egestas. Aliquam nec"),(79,"vestibulum, neque sed"),(80,"Cras");
INSERT INTO `Option` (`option_id`,`option_name`) VALUES (81,"ac arcu."),(82,"In mi"),(83,"ac"),(84,"ultrices. Vivamus rhoncus."),(85,"penatibus et"),(86,"lorem lorem, luctus"),(87,"ipsum sodales purus,"),(88,"nisl"),(89,"penatibus"),(90,"Donec");
INSERT INTO `Option` (`option_id`,`option_name`) VALUES (91,"risus."),(92,"interdum."),(93,"porta elit,"),(94,"aliquam"),(95,"vulputate mauris sagittis"),(96,"nec ligula"),(97,"Cras dolor dolor,"),(98,"odio a"),(99,"id nunc interdum"),(100,"interdum libero dui");

DROP TABLE `Product_Category`;

CREATE TABLE `Product_Category` (
  `product_category_id` mediumint(8) unsigned NOT NULL auto_increment,
  `product_id` mediumint,
  `category_id` mediumint,
  PRIMARY KEY (`product_category_id`)
) AUTO_INCREMENT=1;

INSERT INTO `Product_Category` (`product_category_id`,`product_id`,`category_id`) VALUES (1,1,1),(2,2,2),(3,3,3),(4,4,4),(5,5,5),(6,6,6),(7,7,7),(8,8,8),(9,9,9),(10,10,10);
INSERT INTO `Product_Category` (`product_category_id`,`product_id`,`category_id`) VALUES (11,11,11),(12,12,12),(13,13,13),(14,14,14),(15,15,15),(16,16,16),(17,17,17),(18,18,18),(19,19,19),(20,20,20);
INSERT INTO `Product_Category` (`product_category_id`,`product_id`,`category_id`) VALUES (21,21,21),(22,22,22),(23,23,23),(24,24,24),(25,25,25),(26,26,26),(27,27,27),(28,28,28),(29,29,29),(30,30,30);
INSERT INTO `Product_Category` (`product_category_id`,`product_id`,`category_id`) VALUES (31,31,31),(32,32,32),(33,33,33),(34,34,34),(35,35,35),(36,36,36),(37,37,37),(38,38,38),(39,39,39),(40,40,40);
INSERT INTO `Product_Category` (`product_category_id`,`product_id`,`category_id`) VALUES (41,41,41),(42,42,42),(43,43,43),(44,44,44),(45,45,45),(46,46,46),(47,47,47),(48,48,48),(49,49,49),(50,50,50);
INSERT INTO `Product_Category` (`product_category_id`,`product_id`,`category_id`) VALUES (51,51,51),(52,52,52),(53,53,53),(54,54,54),(55,55,55),(56,56,56),(57,57,57),(58,58,58),(59,59,59),(60,60,60);
INSERT INTO `Product_Category` (`product_category_id`,`product_id`,`category_id`) VALUES (61,61,61),(62,62,62),(63,63,63),(64,64,64),(65,65,65),(66,66,66),(67,67,67),(68,68,68),(69,69,69),(70,70,70);
INSERT INTO `Product_Category` (`product_category_id`,`product_id`,`category_id`) VALUES (71,71,71),(72,72,72),(73,73,73),(74,74,74),(75,75,75),(76,76,76),(77,77,77),(78,78,78),(79,79,79),(80,80,80);
INSERT INTO `Product_Category` (`product_category_id`,`product_id`,`category_id`) VALUES (81,81,81),(82,82,82),(83,83,83),(84,84,84),(85,85,85),(86,86,86),(87,87,87),(88,88,88),(89,89,89),(90,90,90);
INSERT INTO `Product_Category` (`product_category_id`,`product_id`,`category_id`) VALUES (91,91,91),(92,92,92),(93,93,93),(94,94,94),(95,95,95),(96,96,96),(97,97,97),(98,98,98),(99,99,99),(100,100,100);

DROP TABLE `Category`;

CREATE TABLE `Category` (
  `category_id` mediumint(8) unsigned NOT NULL auto_increment,
  `category_name` TEXT default NULL,
  `category_description` TEXT default NULL,
  PRIMARY KEY (`category_id`)
) AUTO_INCREMENT=1;

INSERT INTO `Category` (`category_id`,`category_name`,`category_description`) VALUES (1,"elit.","id magna et ipsum"),(2,"ante,","quam, elementum at, egestas"),(3,"eget","vel nisl. Quisque fringilla"),(4,"non","inceptos"),(5,"augue","luctus, ipsum leo"),(6,"nunc,","sit amet ultricies"),(7,"aliquam","a ultricies adipiscing,"),(8,"ac","arcu. Vestibulum"),(9,"lectus","Aenean massa. Integer vitae"),(10,"dolor.","vitae risus. Duis");
INSERT INTO `Category` (`category_id`,`category_name`,`category_description`) VALUES (11,"nisl","pharetra nibh. Aliquam ornare,"),(12,"Suspendisse","nec urna"),(13,"faucibus","velit."),(14,"facilisis","Nunc quis arcu vel"),(15,"pulvinar","risus."),(16,"sed","aliquam arcu. Aliquam ultrices"),(17,"ridiculus","orci, consectetuer euismod"),(18,"scelerisque","vulputate mauris"),(19,"scelerisque","id enim."),(20,"ut","facilisis non, bibendum");
INSERT INTO `Category` (`category_id`,`category_name`,`category_description`) VALUES (21,"Donec","odio vel est"),(22,"dui","In faucibus. Morbi"),(23,"Etiam","orci. Donec nibh."),(24,"aliquam","sociosqu ad litora"),(25,"ullamcorper.","molestie"),(26,"egestas","porttitor"),(27,"nulla.","lacus. Quisque imperdiet,"),(28,"tellus.","lorem tristique aliquet."),(29,"consectetuer","dolor. Quisque tincidunt pede"),(30,"Nullam","adipiscing");
INSERT INTO `Category` (`category_id`,`category_name`,`category_description`) VALUES (31,"molestie","egestas."),(32,"interdum","elementum,"),(33,"scelerisque","nec"),(34,"tincidunt","Vestibulum ante"),(35,"ac,","fermentum vel, mauris. Integer"),(36,"urna","Suspendisse dui. Fusce"),(37,"pede.","Curabitur"),(38,"quis,","mollis vitae, posuere"),(39,"Cum","dolor"),(40,"quis","nec metus facilisis");
INSERT INTO `Category` (`category_id`,`category_name`,`category_description`) VALUES (41,"sit","elit, pretium et,"),(42,"ipsum.","fringilla purus"),(43,"luctus","elementum, dui quis"),(44,"dictum","habitant morbi tristique senectus"),(45,"Proin","Suspendisse tristique neque venenatis"),(46,"pede","sit"),(47,"tristique","molestie"),(48,"augue","lacus. Aliquam rutrum lorem"),(49,"ante","netus"),(50,"sed","amet");
INSERT INTO `Category` (`category_id`,`category_name`,`category_description`) VALUES (51,"magna.","eu nulla at"),(52,"vestibulum.","mus. Proin"),(53,"tortor,","molestie in,"),(54,"nec,","magna."),(55,"primis","sapien. Nunc pulvinar arcu"),(56,"magna,","porttitor scelerisque neque. Nullam"),(57,"adipiscing","sapien molestie orci tincidunt"),(58,"elit.","Suspendisse sagittis. Nullam vitae"),(59,"eu","dictum"),(60,"imperdiet","Cras");
INSERT INTO `Category` (`category_id`,`category_name`,`category_description`) VALUES (61,"convallis","Maecenas ornare egestas ligula."),(62,"Integer","enim, sit"),(63,"tincidunt","Nulla"),(64,"amet,","vestibulum massa rutrum magna."),(65,"Vivamus","magna"),(66,"Suspendisse","dui, nec tempus mauris"),(67,"Duis","et, rutrum"),(68,"magna.","Integer id magna"),(69,"eu","Cras"),(70,"ac","sapien");
INSERT INTO `Category` (`category_id`,`category_name`,`category_description`) VALUES (71,"vitae,","Mauris nulla. Integer urna."),(72,"egestas.","tortor. Nunc"),(73,"sem","rhoncus. Donec est."),(74,"Cum","quis massa. Mauris vestibulum,"),(75,"orci.","rutrum, justo. Praesent"),(76,"Curae;","Integer aliquam"),(77,"per","blandit viverra. Donec tempus,"),(78,"non,","Nunc mauris elit,"),(79,"tincidunt.","adipiscing"),(80,"tincidunt","Sed nec");
INSERT INTO `Category` (`category_id`,`category_name`,`category_description`) VALUES (81,"nulla.","erat volutpat. Nulla facilisis."),(82,"imperdiet","viverra. Donec tempus,"),(83,"laoreet,","Maecenas iaculis aliquet"),(84,"nascetur","at, egestas"),(85,"eu,","a"),(86,"sagittis","Sed eget"),(87,"Vivamus","Donec consectetuer"),(88,"Lorem","eu tempor erat neque"),(89,"amet","mi felis,"),(90,"diam","tellus");
INSERT INTO `Category` (`category_id`,`category_name`,`category_description`) VALUES (91,"vel,","metus eu"),(92,"eleifend","cursus vestibulum. Mauris magna."),(93,"porttitor","a tortor. Nunc commodo"),(94,"in,","quam, elementum"),(95,"odio.","elit fermentum risus,"),(96,"at,","arcu"),(97,"luctus","magnis dis"),(98,"ac","ut erat. Sed nunc"),(99,"interdum","Suspendisse sagittis. Nullam vitae"),(100,"nunc","fames ac turpis egestas.");

DROP TABLE `Address`;

CREATE TABLE `Address` (
  `address_id` mediumint(8) unsigned NOT NULL auto_increment,
  `address_line_1` varchar(255) default NULL,
  `address_line_2` TEXT default NULL,
  `city` varchar(255),
  `province` varchar(50) default NULL,
  `postal_code` varchar(10) default NULL,
  `country` varchar(100) default NULL,
  PRIMARY KEY (`address_id`)
) AUTO_INCREMENT=1;

INSERT INTO `Address` (`address_id`,`address_line_1`,`address_line_2`,`city`,`province`,`postal_code`,`country`) VALUES (33333,"880-8732 Litora Ave","diam lorem, auctor","Stalowa Wola","Podkarpackie","90259","Grenada"),(133332,"359-4351 Sed Rd.","convallis convallis dolor.","Antalya","Ant","451622","Liberia"),(233331,"7302 Quisque Rd.","Donec","Jaén","Cajamarca","43440","Central African Republic"),(333330,"P.O. Box 830, 122 Sit Street","egestas. Aliquam","Sousa","Paraíba","46197","Niue"),(433329,"Ap #115-2807 Nonummy St.","egestas rhoncus.","Puntarenas","P","239979","Turks and Caicos Islands"),(533328,"Ap #353-6365 Lorem Ave","lorem. Donec","Whitewater Region Township","ON","5132","Tokelau"),(633327,"Ap #209-5596 Vulputate Rd.","pharetra. Quisque ac libero","Palopo","South Sulawesi","81040","Benin"),(733326,"Ap #571-9807 Vel Avenue","nibh","Hamburg","Hamburg","468014","Venezuela"),(833325,"868-367 Tellus. Street","Nulla","Istanbul","Istanbul","M2S 6PK","Armenia"),(933324,"P.O. Box 191, 2988 Urna, Rd.","rhoncus","Vienna","Vienna","414603","Palestine, State of");
INSERT INTO `Address` (`address_id`,`address_line_1`,`address_line_2`,`city`,`province`,`postal_code`,`country`) VALUES (1033323,"491 Sed, St.","lacinia at, iaculis quis,","Hamilton","Victoria","8992","San Marino"),(1133322,"876-9898 Dui Ave","nibh. Aliquam","Villa Latina","LAZ","51-815","Nauru"),(1233321,"1047 Magna. Street","ac, eleifend vitae, erat.","Okene","Kogi","87247-447","Myanmar"),(1333320,"P.O. Box 903, 8429 Massa. Street","tristique pharetra. Quisque ac","Le Cannet","Provence-Alpes-Côte d'Azur","114668","Paraguay"),(1433319,"P.O. Box 367, 1178 A, Av.","mollis lectus","Badin","SI","8980 BY","Uzbekistan"),(1533318,"437-1226 Sem Rd.","erat volutpat. Nulla","Cimahi","West Java","29877","Monaco"),(1633317,"6483 Curabitur Ave","mattis ornare, lectus ante","Haguenau","Alsace","1827","Belgium"),(1733316,"P.O. Box 702, 8245 Interdum Avenue","tristique pharetra. Quisque","The Hague","Z.","85426","Iraq"),(1833315,"Ap #606-4966 Eros Street","enim,","Toruń","KP","OH6U 7UX","United Arab Emirates"),(1933314,"Ap #170-7595 Dui. St.","cursus.","Dunkerque","NO","99342-41267","Italy");
INSERT INTO `Address` (`address_id`,`address_line_1`,`address_line_2`,`city`,`province`,`postal_code`,`country`) VALUES (2033313,"396 In Road","vitae, sodales at, velit.","Duns","Berwickshire","1286","Fiji"),(2133312,"4260 Nec, Road","eget metus eu erat","Murray Bridge","South Australia","Z1351","Nepal"),(2233311,"938-3009 Enim. St.","Fusce aliquet magna a","Tranås","Jönköpings län","3552","Turkmenistan"),(2333310,"P.O. Box 821, 6726 Metus Street","ac urna. Ut tincidunt","Haripur","KPK","7271","French Guiana"),(2433309,"7541 Metus Road","at,","Minitonas","Manitoba","83252","Liechtenstein"),(2533308,"737-7490 In St.","risus. Quisque libero lacus,","Penzance","CO","32687-194","Benin"),(2633307,"Ap #445-9791 Placerat St.","dictum eu, placerat","Sukkur","Punjab","140502","Colombia"),(2733306,"6488 Nunc Avenue","hendrerit","Södertälje","Stockholms län","571427","Sri Lanka"),(2833305,"P.O. Box 897, 2712 Ut, St.","aliquet","Linton","CA","8367","Tanzania"),(2933304,"4634 Nec Road","posuere","Segovia","CL","6558","Timor-Leste");
INSERT INTO `Address` (`address_id`,`address_line_1`,`address_line_2`,`city`,`province`,`postal_code`,`country`) VALUES (3033303,"542-7734 Nonummy St.","enim, condimentum","Hamburg","Hamburg","3165","New Caledonia"),(3133302,"5953 Lectus Street","egestas","San Cristóbal de la Laguna","CN","09491","Tanzania"),(3233301,"251-9598 Nisl. Street","mi, ac","Subiaco","Western Australia","40746","Angola"),(3333300,"1553 Ornare, Ave","quis accumsan convallis,","Tampico","Tamaulipas","09284","Jamaica"),(3433299,"104-5589 Massa. St.","sollicitudin a,","Sundrie","Alberta","152257","Croatia"),(3533298,"P.O. Box 401, 2989 Congue. St.","Nulla tincidunt, neque","Broken Hill","NSW","97266-76281","Aruba"),(3633297,"163-9944 In St.","Vivamus","Daejeon","South Chungcheong","MB71 8DI","Cape Verde"),(3733296,"Ap #843-6345 Nam Ave","conubia nostra, per inceptos","Cedar Rapids","IA","4781","Bolivia"),(3833295,"Ap #640-3503 Dignissim St.","Donec est.","Indianapolis","IN","83-710","United Kingdom (Great Britain)"),(3933294,"960-8244 Donec St.","fames ac turpis","Oberwart","Burgenland","07630","Saint Pierre and Miquelon");
INSERT INTO `Address` (`address_id`,`address_line_1`,`address_line_2`,`city`,`province`,`postal_code`,`country`) VALUES (4033293,"3695 Ornare, Ave","egestas. Aliquam","Dongducheon","Gyeonggi","S9G 6T3","Afghanistan"),(4133292,"Ap #989-7196 Ultrices St.","parturient montes, nascetur","Stewart","British Columbia","44376","Romania"),(4233291,"2038 Metus St.","Cras eu","Petit-Thier","Luxemburg","605808","Guernsey"),(4333290,"Ap #468-5978 Consequat Rd.","Sed id","Cork","M","41101","El Salvador"),(4433289,"Ap #689-5500 Commodo Rd.","lobortis quis,","Beypazarı","Ank","904777","Equatorial Guinea"),(4533288,"177-8280 Blandit Rd.","vulputate,","Cartagena","BOL","41618","Monaco"),(4633287,"P.O. Box 144, 5648 Hendrerit Rd.","orci lobortis augue scelerisque","Sasaram","BR","95917","Lesotho"),(4733286,"P.O. Box 985, 472 Ante Ave","sed","Sukabumi","West Java","90196","Argentina"),(4833285,"P.O. Box 972, 227 Ipsum Rd.","sapien","Çermik","Diy","6351","Trinidad and Tobago"),(4933284,"385-1039 Tristique St.","sollicitudin a, malesuada","Itagüí","Antioquia","29783","Norway");
INSERT INTO `Address` (`address_id`,`address_line_1`,`address_line_2`,`city`,`province`,`postal_code`,`country`) VALUES (5033283,"5979 Vel St.","tortor nibh sit amet","Stirling","Stirlingshire","025926","Albania"),(5133282,"6020 Nam Rd.","Curae; Phasellus","Cornwall","Ontario","567139","Kenya"),(5233281,"6598 Donec Ave","vel sapien","Galway","C","61616","Peru"),(5333280,"842-8038 Vulputate Street","mauris ipsum","Wichita","KS","53961","Argentina"),(5433279,"749-317 Lacinia Avenue","vitae,","Nagar","GB","61812","Serbia"),(5533278,"470-5766 At, Av.","elit elit fermentum risus,","Bludenz","Vbg","48-843","Laos"),(5633277,"Ap #502-7643 Phasellus Avenue","Donec vitae erat","Vienna","Vienna","05092-20749","Bulgaria"),(5733276,"P.O. Box 318, 6134 Malesuada St.","mus. Donec","Vitacura","RM","5698","Kenya"),(5833275,"3250 Ridiculus Av.","Suspendisse eleifend.","Philadelphia","Pennsylvania","44863-488","Bulgaria"),(5933274,"P.O. Box 277, 2347 Malesuada Rd.","nec urna suscipit nonummy.","Gianico","LOM","13760","Moldova");
INSERT INTO `Address` (`address_id`,`address_line_1`,`address_line_2`,`city`,`province`,`postal_code`,`country`) VALUES (6033273,"222 At Avenue","fringilla cursus purus.","Vienna","Wie","1055 HS","Nigeria"),(6133272,"6606 Ante Ave","cursus in,","Pachuca","Hgo","141223","Tuvalu"),(6233271,"P.O. Box 216, 1936 Quis, Av.","tempor augue ac ipsum.","Moe","Victoria","72546","Papua New Guinea"),(6333270,"3237 Magna, Ave","eget tincidunt dui","North Shore","NI","08599-52037","Azerbaijan"),(6433269,"7124 Lobortis Ave","ac facilisis facilisis, magna","Bremen","Bremen","Z5713","Iran"),(6533268,"P.O. Box 360, 1635 Magnis St.","ante","Dover","Delaware","K1B 2V8","Romania"),(6633267,"8115 Venenatis St.","Cras","Shigar","GB","16859","Aruba"),(6733266,"Ap #346-7270 Mi Street","sit","Joinville","Santa Catarina","72532","Moldova"),(6833265,"P.O. Box 876, 7101 Est St.","Nam","Stockholm","Stockholms län","50250","Georgia"),(6933264,"Ap #125-9172 Aliquet St.","Sed id risus quis","Katsina","Katsina","X6 4LZ","Laos");
INSERT INTO `Address` (`address_id`,`address_line_1`,`address_line_2`,`city`,`province`,`postal_code`,`country`) VALUES (7033263,"P.O. Box 729, 6712 Ut Road","nisl. Nulla eu neque","San Diego","Cartago","30714","Qatar"),(7133262,"181-6971 Montes, St.","Maecenas","Celaya","Guanajuato","V1L 1G3","San Marino"),(7233261,"P.O. Box 193, 5963 Eu St.","neque. Nullam ut","Antofagasta","II","92605","Gambia"),(7333260,"2740 Neque. St.","sem ut dolor","Sagamu","Ogun","15557","Hungary"),(7433259,"8302 Ullamcorper, Road","purus,","Alanya","Ant","6433 YP","Mozambique"),(7533258,"873-9639 Integer St.","enim.","Queenstown","South Island","287388","United States Minor Outlying Islands"),(7633257,"Ap #741-6640 Rutrum, Rd.","et, commodo at, libero.","Maiduguri","Borno","65189","Cyprus"),(7733256,"631-1988 Metus St.","non","San Pedro","SJ","64204-50241","Mauritius"),(7833255,"Ap #926-7991 Phasellus Avenue","purus. Duis elementum,","Huancayo","Junín","6451","France"),(7933254,"Ap #519-8608 Eu Avenue","adipiscing.","Fortune","Newfoundland and Labrador","739866","Bolivia");
INSERT INTO `Address` (`address_id`,`address_line_1`,`address_line_2`,`city`,`province`,`postal_code`,`country`) VALUES (8033253,"Ap #166-9328 Magna. Avenue","quam. Curabitur vel","Mala","Lima","49007-67737","Equatorial Guinea"),(8133252,"122-352 Dictum Road","risus.","Semarang","JT","11081","Saint Pierre and Miquelon"),(8233251,"894-9554 Euismod Ave","enim","Barranquilla","ATL","B8L 2K3","Cocos (Keeling) Islands"),(8333250,"P.O. Box 714, 3174 Feugiat St.","euismod est arcu ac","Le Mans","Pays de la Loire","942103","Jamaica"),(8433249,"187-4286 Suspendisse Av.","egestas lacinia. Sed","Beypazarı","Ankara","495327","Guam"),(8533248,"P.O. Box 320, 3749 Ac St.","dictum magna.","Mogi das Cruzes","São Paulo","47632","Guyana"),(8633247,"515-2748 Sem Rd.","iaculis","Toowoomba","Queensland","3139 MN","Virgin Islands, British"),(8733246,"425-426 Mi Av.","gravida mauris ut","Quesada","A","69645","Nepal"),(8833245,"P.O. Box 951, 6891 Etiam St.","lacus pede sagittis augue,","Guelph","ON","61241","Peru"),(8933244,"P.O. Box 418, 4277 Aptent Ave","laoreet, libero et tristique","Créteil","Île-de-France","06113","Gibraltar");
INSERT INTO `Address` (`address_id`,`address_line_1`,`address_line_2`,`city`,`province`,`postal_code`,`country`) VALUES (9033243,"Ap #552-3731 Donec St.","dolor dolor,","Winnipeg","Manitoba","6225 VD","Japan"),(9133242,"316-1552 Blandit Rd.","commodo","Huesca","AR","166177","Tanzania"),(9233241,"P.O. Box 781, 6677 Cras Ave","ullamcorper magna. Sed","Hilversum","N.","359083","Heard Island and Mcdonald Islands"),(9333240,"631-9659 A, Rd.","egestas,","New Quay","Cardiganshire","3870","Sao Tome and Principe"),(9433239,"3750 Facilisis Avenue","vestibulum massa","Spokane","Washington","30102","Mexico"),(9533238,"Ap #161-4520 Erat Rd.","ante. Maecenas mi","Angleur","Luik","02635-619","Korea, South"),(9633237,"515-2822 Quis St.","diam. Proin","Stamford","LI","537870","Guinea-Bissau"),(9733236,"Ap #233-6032 Natoque St.","elit, a","Zierikzee","Zeeland","W0 8SF","Saint Lucia"),(9833235,"P.O. Box 864, 7803 Libero. Ave","sociis natoque penatibus et","Castellana Sicula","SIC","84-331","Guinea-Bissau"),(9933234,"P.O. Box 931, 4931 Id, St.","facilisi. Sed","Płock","Mazowieckie","02276","Nauru");

DROP TABLE `Invoice`;

CREATE TABLE `Invoice` (
  `invoice_id` mediumint(8) unsigned NOT NULL auto_increment,
  `invoice_date` varchar(255),
  `payment_method` TEXT default NULL,
  PRIMARY KEY (`invoice_id`)
) AUTO_INCREMENT=1;

INSERT INTO `Invoice` (`invoice_id`,`invoice_date`,`payment_method`) VALUES (49613,"Feb 23, 2021","varius et, euismod et, commodo at, libero. Morbi accumsan laoreet"),(44508,"Dec 26, 2020","mi pede, nonummy ut, molestie in, tempus eu, ligula. Aenean"),(82876,"Aug 31, 2020","lacus vestibulum lorem, sit amet ultricies sem magna nec quam."),(84468,"May 2, 2020","vel, venenatis vel, faucibus id, libero. Donec consectetuer mauris id"),(52746,"Jul 22, 2021","eros. Proin ultrices. Duis volutpat nunc sit amet metus. Aliquam"),(78907,"Feb 18, 2020","quis lectus. Nullam suscipit, est ac facilisis facilisis, magna tellus"),(57354,"May 3, 2021","magna. Cras convallis convallis dolor. Quisque tincidunt pede ac urna."),(41912,"Oct 19, 2021","Cum sociis natoque penatibus et magnis dis parturient montes, nascetur"),(77611,"May 11, 2020","augue scelerisque mollis. Phasellus libero mauris, aliquam eu, accumsan sed,"),(50803,"Nov 10, 2021","in, hendrerit consectetuer, cursus et, magna. Praesent interdum ligula eu");
INSERT INTO `Invoice` (`invoice_id`,`invoice_date`,`payment_method`) VALUES (70311,"Jan 20, 2021","augue id ante dictum cursus. Nunc mauris elit, dictum eu,"),(63937,"Feb 3, 2020","arcu iaculis enim, sit amet ornare lectus justo eu arcu."),(39204,"Dec 5, 2019","metus. In lorem. Donec elementum, lorem ut aliquam iaculis, lacus"),(84472,"Jun 5, 2021","adipiscing non, luctus sit amet, faucibus ut, nulla. Cras eu"),(98242,"Nov 1, 2021","orci. Donec nibh. Quisque nonummy ipsum non arcu. Vivamus sit"),(89612,"Jan 24, 2020","faucibus lectus, a sollicitudin orci sem eget massa. Suspendisse eleifend."),(80762,"Nov 14, 2020","neque. Sed eget lacus. Mauris non dui nec urna suscipit"),(38443,"Sep 4, 2020","Cras interdum. Nunc sollicitudin commodo ipsum. Suspendisse non leo. Vivamus"),(72665,"Jul 4, 2021","Donec est. Nunc ullamcorper, velit in aliquet lobortis, nisi nibh"),(77151,"Jun 7, 2020","Proin dolor. Nulla semper tellus id nunc interdum feugiat. Sed");
INSERT INTO `Invoice` (`invoice_id`,`invoice_date`,`payment_method`) VALUES (65780,"Sep 26, 2020","in, hendrerit consectetuer, cursus et, magna. Praesent interdum ligula eu"),(63873,"Feb 5, 2021","Vivamus euismod urna. Nullam lobortis quam a felis ullamcorper viverra."),(86077,"Feb 25, 2020","augue id ante dictum cursus. Nunc mauris elit, dictum eu,"),(80243,"Apr 7, 2020","et, lacinia vitae, sodales at, velit. Pellentesque ultricies dignissim lacus."),(55258,"May 25, 2020","nec, leo. Morbi neque tellus, imperdiet non, vestibulum nec, euismod"),(59688,"Jan 10, 2021","felis ullamcorper viverra. Maecenas iaculis aliquet diam. Sed diam lorem,"),(89909,"Jul 13, 2020","sed orci lobortis augue scelerisque mollis. Phasellus libero mauris, aliquam"),(97016,"Apr 3, 2020","bibendum fermentum metus. Aenean sed pede nec ante blandit viverra."),(79266,"Mar 25, 2020","sapien. Aenean massa. Integer vitae nibh. Donec est mauris, rhoncus"),(60350,"Jul 14, 2021","Sed pharetra, felis eget varius ultrices, mauris ipsum porta elit,");
INSERT INTO `Invoice` (`invoice_id`,`invoice_date`,`payment_method`) VALUES (62344,"Jun 26, 2020","Mauris vestibulum, neque sed dictum eleifend, nunc risus varius orci,"),(44247,"Feb 19, 2020","tincidunt orci quis lectus. Nullam suscipit, est ac facilisis facilisis,"),(63361,"Sep 18, 2020","iaculis, lacus pede sagittis augue, eu tempor erat neque non"),(82833,"Sep 13, 2021","Aliquam ultrices iaculis odio. Nam interdum enim non nisi. Aenean"),(95209,"Oct 5, 2021","mi tempor lorem, eget mollis lectus pede et risus. Quisque"),(54056,"Jul 6, 2020","mauris ipsum porta elit, a feugiat tellus lorem eu metus."),(76877,"Feb 7, 2021","Suspendisse sagittis. Nullam vitae diam. Proin dolor. Nulla semper tellus"),(37698,"Apr 25, 2021","tellus. Nunc lectus pede, ultrices a, auctor non, feugiat nec,"),(58476,"May 4, 2020","arcu imperdiet ullamcorper. Duis at lacus. Quisque purus sapien, gravida"),(53992,"Dec 27, 2020","massa. Suspendisse eleifend. Cras sed leo. Cras vehicula aliquet libero.");
INSERT INTO `Invoice` (`invoice_id`,`invoice_date`,`payment_method`) VALUES (63507,"Feb 24, 2020","tincidunt adipiscing. Mauris molestie pharetra nibh. Aliquam ornare, libero at"),(85472,"Feb 5, 2021","Mauris nulla. Integer urna. Vivamus molestie dapibus ligula. Aliquam erat"),(48393,"Jun 9, 2021","amet ultricies sem magna nec quam. Curabitur vel lectus. Cum"),(53468,"Jul 2, 2021","pede sagittis augue, eu tempor erat neque non quam. Pellentesque"),(93123,"Jun 21, 2021","nec, leo. Morbi neque tellus, imperdiet non, vestibulum nec, euismod"),(92118,"Sep 12, 2021","porttitor scelerisque neque. Nullam nisl. Maecenas malesuada fringilla est. Mauris"),(82036,"Oct 1, 2021","vulputate dui, nec tempus mauris erat eget ipsum. Suspendisse sagittis."),(56787,"Jan 3, 2020","egestas. Sed pharetra, felis eget varius ultrices, mauris ipsum porta"),(74519,"Nov 15, 2020","Aenean eget metus. In nec orci. Donec nibh. Quisque nonummy"),(79200,"Apr 17, 2021","justo nec ante. Maecenas mi felis, adipiscing fringilla, porttitor vulputate,");
INSERT INTO `Invoice` (`invoice_id`,`invoice_date`,`payment_method`) VALUES (83640,"Mar 31, 2021","tincidunt adipiscing. Mauris molestie pharetra nibh. Aliquam ornare, libero at"),(75785,"Jun 22, 2020","ridiculus mus. Aenean eget magna. Suspendisse tristique neque venenatis lacus."),(94047,"Jul 27, 2021","risus. Quisque libero lacus, varius et, euismod et, commodo at,"),(72662,"Oct 11, 2021","Donec at arcu. Vestibulum ante ipsum primis in faucibus orci"),(79500,"Dec 27, 2019","ultrices a, auctor non, feugiat nec, diam. Duis mi enim,"),(44596,"Oct 20, 2021","dictum. Proin eget odio. Aliquam vulputate ullamcorper magna. Sed eu"),(57658,"Apr 11, 2020","lobortis mauris. Suspendisse aliquet molestie tellus. Aenean egestas hendrerit neque."),(64081,"Jun 30, 2020","scelerisque dui. Suspendisse ac metus vitae velit egestas lacinia. Sed"),(67265,"Feb 6, 2021","Nulla facilisis. Suspendisse commodo tincidunt nibh. Phasellus nulla. Integer vulputate,"),(71128,"Aug 4, 2020","ante bibendum ullamcorper. Duis cursus, diam at pretium aliquet, metus");
INSERT INTO `Invoice` (`invoice_id`,`invoice_date`,`payment_method`) VALUES (86653,"Aug 31, 2020","sodales nisi magna sed dui. Fusce aliquam, enim nec tempus"),(58921,"Feb 26, 2021","pede sagittis augue, eu tempor erat neque non quam. Pellentesque"),(52750,"May 23, 2021","orci sem eget massa. Suspendisse eleifend. Cras sed leo. Cras"),(76785,"Sep 17, 2020","est ac facilisis facilisis, magna tellus faucibus leo, in lobortis"),(66516,"Aug 25, 2020","sed tortor. Integer aliquam adipiscing lacus. Ut nec urna et"),(85402,"Nov 5, 2020","mauris blandit mattis. Cras eget nisi dictum augue malesuada malesuada."),(99661,"Sep 24, 2020","Cum sociis natoque penatibus et magnis dis parturient montes, nascetur"),(85379,"Jul 30, 2021","Integer tincidunt aliquam arcu. Aliquam ultrices iaculis odio. Nam interdum"),(94337,"Jan 16, 2020","vehicula. Pellentesque tincidunt tempus risus. Donec egestas. Duis ac arcu."),(61817,"Oct 29, 2020","orci quis lectus. Nullam suscipit, est ac facilisis facilisis, magna");
INSERT INTO `Invoice` (`invoice_id`,`invoice_date`,`payment_method`) VALUES (36543,"May 15, 2020","eu, odio. Phasellus at augue id ante dictum cursus. Nunc"),(73212,"Dec 10, 2019","nec, cursus a, enim. Suspendisse aliquet, sem ut cursus luctus,"),(40045,"Jul 6, 2020","at arcu. Vestibulum ante ipsum primis in faucibus orci luctus"),(76905,"Mar 24, 2021","sagittis placerat. Cras dictum ultricies ligula. Nullam enim. Sed nulla"),(56578,"Apr 22, 2021","Morbi metus. Vivamus euismod urna. Nullam lobortis quam a felis"),(68839,"Apr 6, 2020","cursus. Integer mollis. Integer tincidunt aliquam arcu. Aliquam ultrices iaculis"),(54112,"Apr 28, 2020","felis. Nulla tempor augue ac ipsum. Phasellus vitae mauris sit"),(36954,"Feb 26, 2021","egestas a, scelerisque sed, sapien. Nunc pulvinar arcu et pede."),(33793,"Jul 30, 2020","vitae aliquam eros turpis non enim. Mauris quis turpis vitae"),(43216,"Aug 7, 2021","nisl. Nulla eu neque pellentesque massa lobortis ultrices. Vivamus rhoncus.");
INSERT INTO `Invoice` (`invoice_id`,`invoice_date`,`payment_method`) VALUES (66213,"Nov 13, 2021","laoreet lectus quis massa. Mauris vestibulum, neque sed dictum eleifend,"),(35758,"Oct 5, 2020","gravida mauris ut mi. Duis risus odio, auctor vitae, aliquet"),(33468,"Sep 20, 2020","aliquet, metus urna convallis erat, eget tincidunt dui augue eu"),(57952,"Jan 3, 2020","iaculis, lacus pede sagittis augue, eu tempor erat neque non"),(59070,"Dec 11, 2019","pharetra nibh. Aliquam ornare, libero at auctor ullamcorper, nisl arcu"),(40368,"May 26, 2020","augue scelerisque mollis. Phasellus libero mauris, aliquam eu, accumsan sed,"),(58389,"Jul 2, 2021","sem, consequat nec, mollis vitae, posuere at, velit. Cras lorem"),(52751,"Oct 20, 2021","arcu. Sed eu nibh vulputate mauris sagittis placerat. Cras dictum"),(36206,"Jan 30, 2021","condimentum eget, volutpat ornare, facilisis eget, ipsum. Donec sollicitudin adipiscing"),(34770,"May 30, 2020","magnis dis parturient montes, nascetur ridiculus mus. Proin vel arcu");
INSERT INTO `Invoice` (`invoice_id`,`invoice_date`,`payment_method`) VALUES (73680,"Aug 24, 2020","Lorem ipsum dolor sit amet, consectetuer adipiscing elit. Aliquam auctor,"),(48807,"Aug 21, 2020","tincidunt, nunc ac mattis ornare, lectus ante dictum mi, ac"),(69209,"Jul 10, 2021","Etiam imperdiet dictum magna. Ut tincidunt orci quis lectus. Nullam"),(76545,"Nov 15, 2020","quis accumsan convallis, ante lectus convallis est, vitae sodales nisi"),(80384,"Feb 10, 2020","iaculis, lacus pede sagittis augue, eu tempor erat neque non"),(88838,"Dec 13, 2019","elit elit fermentum risus, at fringilla purus mauris a nunc."),(35032,"Sep 15, 2021","ut, sem. Nulla interdum. Curabitur dictum. Phasellus in felis. Nulla"),(70917,"Feb 25, 2020","malesuada fames ac turpis egestas. Aliquam fringilla cursus purus. Nullam"),(45158,"Apr 20, 2020","justo faucibus lectus, a sollicitudin orci sem eget massa. Suspendisse"),(73312,"Oct 24, 2021","eu eros. Nam consequat dolor vitae dolor. Donec fringilla. Donec");

ALTER TABLE Product_Category
ADD CONSTRAINT FK_Product
FOREIGN KEY (product_id) REFERENCES Product(product_id);

ALTER TABLE Product_Category
ADD CONSTRAINT FK_Category
FOREIGN KEY (category_id) REFERENCES Category(category_id);

ALTER TABLE Product_Option
ADD CONSTRAINT FK_Product
FOREIGN KEY (product_id) REFERENCES Product(product_id);

ALTER TABLE Product_Option
ADD CONSTRAINT FK_Option
FOREIGN KEY (option_id) REFERENCES Option(option_id);

ALTER TABLE Shipments
ADD CONSTRAINT FK_Orders
FOREIGN KEY (order_id) REFERENCES Orders(order_id);
